exercise_id;language_code;name;description;instructions
ex-bench-press;nl-NL;Bankdrukken;Bankdrukken is een krachtige oefening voor het bovenlichaam. Je traint er vooral je borstspieren, schouders (deltoids) en armen (triceps) mee. Het is een van de meest effectieve oefeningen om spiermassa en kracht op te bouwen.;"Voorbereiding: Ga plat op je rug op het bankje liggen. Je voeten staan stevig op de grond. Pak de stang iets breder dan schouderbreedte vast met je handpalmen van je af.
Uitvoering: Til de stang uit het rek en houd deze recht boven je borst met gestrekte armen.
Laten zakken: Adem in en laat de stang gecontroleerd zakken tot deze je borst licht raakt.
Omhoog duwen: Adem uit en duw de stang krachtig terug naar de beginpositie. Zorg ervoor dat je je ellebogen niet volledig 'op slot' zet.
Herhalen: Herhaal de beweging voor het gewenste aantal herhalingen. Leg de stang daarna veilig terug in het rek."
ex-bench-press;en-GB;Bench Press;The bench press is a powerful upper-body exercise. It primarily trains your chest muscles (pectorals), shoulders (deltoids), and arms (triceps). It is one of the most effective exercises for building muscle mass and strength.;"Preparation: Lie flat on your back on the bench. Your feet should be planted firmly on the floor. Grasp the bar slightly wider than shoulder-width apart with an overhand grip.
Execution: Lift the bar from the rack and hold it straight above your chest with your arms extended.
Lowering: Inhale and slowly lower the bar until it lightly touches your chest.
Pushing up: Exhale and forcefully push the bar back up to the starting position. Avoid locking out your elbows completely.
Repeat: Repeat the movement for the desired number of repetitions. Safely return the bar to the rack afterwards."
ex-bench-press;en-US;Bench Press;The bench press is a powerful upper-body exercise. It primarily trains your chest muscles (pectorals), shoulders (deltoids), and arms (triceps). It is one of the most effective exercises for building muscle mass and strength.;"Preparation: Lie flat on your back on the bench. Your feet should be planted firmly on the floor. Grip the bar slightly wider than shoulder-width apart with your palms facing away from you.
Execution: Unrack the bar and hold it straight over your chest with your arms extended.
Lowering: Inhale and controllably lower the bar until it lightly touches your chest.
Pushing up: Exhale and powerfully press the bar back to the starting position. Make sure not to fully lock your elbows.
Repeat: Repeat the movement for the desired number of reps. Then, safely rerack the bar."
ex-bench-press;fr-FR;Développé couché;"Le développé couché (bench press) est un exercice puissant pour le haut du corps. Il cible principalement les muscles de la poitrine (pectoraux), les épaules (deltoïdes) et les bras (triceps). C'est l'un des exercices les plus efficaces pour développer la masse musculaire et la force.

";"Préparation : Allongez-vous sur le dos sur le banc. Vos pieds doivent être fermement posés au sol. Saisissez la barre avec une prise légèrement plus large que les épaules, paumes vers l'avant.
Exécution : Soulevez la barre du support et tenez-la droite au-dessus de votre poitrine, les bras tendus.
Descente : Inspirez et abaissez la barre de manière contrôlée jusqu'à ce qu'elle touche légèrement votre poitrine.
Poussée : Expirez et poussez la barre avec force pour revenir à la position de départ. Veillez à ne pas verrouiller complètement vos coudes.
Répétition : Répétez le mouvement pour le nombre de répétitions souhaité. Reposez ensuite la barre en toute sécurité sur le support."
ex-bench-press;de-DE;Bankdrücken;Bankdrücken ist eine kraftvolle Übung für den Oberkörper. Sie trainiert hauptsächlich deine Brustmuskeln (Pectoralis), Schultern (Deltoideus) und Arme (Trizeps). Es ist eine der effektivsten Übungen zum Aufbau von Muskelmasse und Kraft.;"Vorbereitung: Lege dich flach auf den Rücken auf die Bank. Deine Füße stehen fest auf dem Boden. Greife die Stange etwas breiter als schulterbreit mit den Handflächen nach vorne.
Ausführung: Hebe die Stange aus der Halterung und halte sie mit gestreckten Armen direkt über deiner Brust.
Absenken: Atme ein und senke die Stange kontrolliert ab, bis sie leicht deine Brust berührt.
Hochdrücken: Atme aus und drücke die Stange kraftvoll zurück in die Ausgangsposition. Achte darauf, deine Ellenbogen nicht vollständig durchzustrecken.
Wiederholen: Wiederhole die Bewegung für die gewünschte Anzahl an Wiederholungen. Lege die Stange danach sicher in der Halterung ab."
ex-bench-press;es-ES;Press de banca;El press de banca es un potente ejercicio para el tren superior. Trabaja principalmente los músculos del pecho (pectorales), los hombros (deltoides) y los brazos (tríceps). Es uno de los ejercicios más efectivos para ganar masa muscular y fuerza.;"Preparación: Túmbate boca arriba en el banco. Tus pies deben estar firmemente apoyados en el suelo. Agarra la barra con las palmas hacia adelante y una separación ligeramente mayor que la de tus hombros.
Ejecución: Saca la barra del soporte y sujétala recta sobre tu pecho con los brazos extendidos.
Descenso: Inhala y baja la barra de forma controlada hasta que toque ligeramente tu pecho.
Empuje: Exhala y empuja la barra con fuerza de vuelta a la posición inicial. Asegúrate de no bloquear completamente los codos.
Repetición: Repite el movimiento el número de veces deseado. Después, vuelve a colocar la barra en el soporte de forma segura."
ex-bench-press;it-IT;Panca piana;La panca piana (bench press) è un potente esercizio per la parte superiore del corpo. Allena principalmente i muscoli del petto (pettorali), le spalle (deltoidi) e le braccia (tricipiti). È uno degli esercizi più efficaci per costruire massa muscolare e forza.;"Preparazione: Sdraiati supino sulla panca. I piedi devono essere ben saldi a terra. Afferra il bilanciere con una presa leggermente più ampia delle spalle e con i palmi rivolti in avanti.
Esecuzione: Solleva il bilanciere dal supporto e tienilo dritto sopra il petto con le braccia tese.
Discesa: Inspira e abbassa lentamente il bilanciere fino a sfiorare il petto.
Spinta: Espira e spingi con forza il bilanciere per tornare alla posizione di partenza. Assicurati di non bloccare completamente i gomiti.
Ripetizione: Ripeti il movimento per il numero di ripetizioni desiderato. Successivamente, riponi il bilanciere sul supporto in sicurezza."
ex-bench-press;pl-PL;Wyciskanie na ławce;Wyciskanie sztangi na ławce poziomej (bench press) to potężne ćwiczenie na górne partie ciała. Trenuje głównie mięśnie klatki piersiowej, barków (mięśnie naramienne) i ramion (tricepsy). Jest to jedno z najskuteczniejszych ćwiczeń na budowanie masy mięśniowej i siły.;"Przygotowanie: Połóż się płasko na plecach na ławce. Stopy powinny być mocno oparte o podłogę. Złap sztangę nachwytem, nieco szerzej niż szerokość barków.
Wykonanie: Zdejmij sztangę ze stojaków i trzymaj ją prosto nad klatką piersiową z wyprostowanymi ramionami.
Opuszczanie: Zrób wdech i kontrolowanym ruchem opuść sztangę, aż lekko dotknie klatki piersiowej.
Wyciskanie: Zrób wydech i energicznie wypchnij sztangę z powrotem do pozycji wyjściowej. Unikaj całkowitego blokowania łokci.
Powtórzenia: Powtórz ruch dla żądanej liczby powtórzeń. Następnie bezpiecznie odłóż sztangę na stojaki."
ex-incline-bench-press;nl-NL;Incline Bankdrukken;Incline bankdrukken is een variant van de standaard bankdruk, waarbij de focus meer op de bovenkant van je borstspieren en de voorkant van je schouders ligt.;"Voorbereiding: Stel het bankje in op een schuine hoek. Ga zitten en zet je voeten stevig op de grond. Pak de stang iets breder dan schouderbreedte vast.
Uitvoering: Til de stang uit het rek en houd deze recht boven het bovenste deel van je borst met gestrekte armen.
Laten zakken: Adem in en laat de stang gecontroleerd zakken tot deze het bovenste deel van je borst licht raakt.
Omhoog duwen: Adem uit en duw de stang krachtig schuin omhoog terug naar de beginpositie.
Herhalen: Herhaal de beweging voor het gewenste aantal herhalingen en leg de stang daarna veilig terug."
ex-incline-bench-press;en-GB;Incline Bench Press;The incline bench press is a variation of the standard bench press, which places more emphasis on the upper part of your chest muscles and the front of your shoulders. The bench is set at an incline (usually 30-45 degrees).;"Preparation: Set the bench to an incline angle. Sit down and plant your feet firmly on the floor. Grasp the bar slightly wider than shoulder-width apart.
Execution: Lift the bar from the rack and hold it straight above your upper chest with your arms extended.
Lowering: Inhale and slowly lower the bar until it lightly touches your upper chest.
Pushing up: Exhale and forcefully push the bar diagonally upwards back to the starting position.
Repeat: Repeat the movement for the desired number of repetitions and then safely return the bar to the rack."
ex-incline-bench-press;en-US;Incline Bench Press;The incline bench press is a variation of the standard bench press, focusing more on the upper portion of your chest muscles and the front of your shoulders. The bench is set at an incline (usually 30-45 degrees).;"Preparation: Adjust the bench to an incline. Sit down and set your feet firmly on the floor. Grip the bar slightly wider than shoulder-width.
Execution: Unrack the bar and hold it directly over your upper chest with your arms fully extended.
Lowering: Inhale and controllably lower the bar until it lightly touches your upper chest.
Pushing up: Exhale and powerfully press the bar up and back to the starting position.
Repeat: Repeat the movement for the desired number of reps, then safely rerack the bar."
ex-incline-bench-press;fr-FR;Développé incliné;Le développé incliné est une variante du développé couché classique, qui met davantage l'accent sur la partie supérieure des pectoraux et l'avant des épaules. Le banc est incliné (généralement entre 30 et 45 degrés).;"Préparation : Réglez le banc sur un angle incliné. Asseyez-vous et placez vos pieds fermement au sol. Saisissez la barre avec une prise un peu plus large que les épaules.
Exécution : Soulevez la barre du support et tenez-la droite au-dessus de la partie supérieure de votre poitrine, bras tendus.
Descente : Inspirez et abaissez la barre de manière contrôlée jusqu'à ce qu'elle touche légèrement le haut de votre poitrine.
Poussée : Expirez et poussez la barre avec force en diagonale vers le haut pour revenir à la position de départ.
Répétition : Répétez le mouvement pour le nombre de répétitions souhaité, puis reposez la barre en toute sécurité."
ex-incline-bench-press;de-DE;Schrägbankdrücken;Schrägbankdrücken ist eine Variante des klassischen Bankdrückens, bei der der Fokus stärker auf dem oberen Teil deiner Brustmuskulatur und der Vorderseite deiner Schultern liegt. Die Bank wird dabei in einem schrägen Winkel eingestellt (normalerweise 30-45 Grad).;"Vorbereitung: Stelle die Bank in einen schrägen Winkel ein. Setze dich hin und stelle deine Füße fest auf den Boden. Greife die Stange etwas breiter als schulterbreit.
Ausführung: Hebe die Stange aus der Halterung und halte sie mit gestreckten Armen direkt über dem oberen Teil deiner Brust.
Absenken: Atme ein und senke die Stange kontrolliert ab, bis sie den oberen Teil deiner Brust leicht berührt.
Hochdrücken: Atme aus und drücke die Stange kraftvoll schräg nach oben zurück in die Ausgangsposition.
Wiederholen: Wiederhole die Bewegung für die gewünschte Anzahl an Wiederholungen und lege die Stange danach sicher ab."
ex-incline-bench-press;es-ES;Press de banca inclinada;El press de banca inclinado es una variante del press de banca estándar, que pone más énfasis en la parte superior de los músculos pectorales y la parte frontal de los hombros. El banco se coloca en un ángulo inclinado (normalmente de 30 a 45 grados).;"Preparación: Ajusta el banco a un ángulo inclinado. Siéntate y apoya firmemente los pies en el suelo. Agarra la barra con una separación un poco mayor que la de tus hombros.
Ejecución: Saca la barra del soporte y sujétala recta sobre la parte superior de tu pecho con los brazos extendidos.
Descenso: Inhala y baja la barra de forma controlada hasta que toque ligeramente la parte superior de tu pecho.
Empuje: Exhala y empuja la barra con fuerza en diagonal hacia arriba, de vuelta a la posición inicial.
Repetición: Repite el movimiento las veces deseadas y luego vuelve a colocar la barra en el soporte de forma segura."
ex-incline-bench-press;it-IT;Panca inclinata;La panca inclinata è una variante della panca piana standard, che si concentra maggiormente sulla parte superiore dei muscoli pettorali e sulla parte anteriore delle spalle. La panca è impostata con un'inclinazione (solitamente 30-45 gradi).;"Preparazione: Regola la panca su un'inclinazione. Siediti e pianta saldamente i piedi a terra. Afferra il bilanciere con una presa leggermente più ampia delle spalle.
Esecuzione: Solleva il bilanciere dal supporto e tienilo dritto sopra la parte alta del petto con le braccia tese.
Discesa: Inspira e abbassa lentamente il bilanciere finché non sfiora la parte alta del petto.
Spinta: Espira e spingi con forza il bilanciere in diagonale verso l'alto per tornare alla posizione di partenza.
Ripetizione: Ripeti il movimento per il numero di ripetizioni desiderato e poi riponi il bilanciere in sicurezza."
ex-incline-bench-press;pl-PL;Wyciskanie na ławce skośnej;Wyciskanie na ławce skośnej (głową w górę) to wariant standardowego wyciskania na ławce, który kładzie większy nacisk na górną część mięśni klatki piersiowej i przednią część barków. Ławka jest ustawiona pod kątem (zazwyczaj 30-45 stopni).;"Przygotowanie: Ustaw ławkę pod kątem. Usiądź i mocno oprzyj stopy o podłogę. Złap sztangę nieco szerzej niż na szerokość barków.
Wykonanie: Zdejmij sztangę ze stojaków i trzymaj ją prosto nad górną częścią klatki piersiowej z wyprostowanymi ramionami.
Opuszczanie: Zrób wdech i kontrolowanym ruchem opuść sztangę, aż lekko dotknie górnej części klatki piersiowej.
Wyciskanie: Zrób wydech i energicznie wypchnij sztangę po skosie w górę do pozycji wyjściowej.
Powtórzenia: Powtórz ruch dla żądanej liczby powtórzeń, a następnie bezpiecznie odłóż sztangę."
ex-overhead-press;nl-NL;Schouderdruk;De schouderdruk is een fundamentele oefening voor het opbouwen van sterke en brede schouders. Het richt zich primair op de deltaspieren (schouderspieren) en de triceps. De oefening kan zowel zittend als staand worden uitgevoerd met een stang of dumbbells.;"Voorbereiding: Ga op een bankje met rugleuning zitten. Pak de stang iets breder dan schouderbreedte vast en breng deze naar de voorkant van je schouders, net onder je kin. Je handpalmen wijzen naar voren.
Uitvoering: Houd je core aangespannen en je rug recht. Adem uit en duw de stang recht omhoog tot je armen bijna volledig gestrekt zijn.
Laten zakken: Adem in en laat de stang gecontroleerd zakken naar de beginpositie op je schouders.
Herhalen: Herhaal de beweging voor het gewenste aantal herhalingen. Leg de stang daarna veilig terug in het rek."
ex-overhead-press;en-GB;Overhead Press;The shoulder press is a fundamental exercise for building strong, broad shoulders. It primarily targets the deltoid muscles (shoulders) and the triceps. The exercise can be performed either seated or standing with a barbell or dumbbells.;"Preparation: Sit on a bench with back support. Grasp the barbell slightly wider than shoulder-width and bring it to the front of your shoulders, just below your chin. Your palms should face forward.
Execution: Keep your core tight and your back straight. Exhale and press the barbell straight up until your arms are almost fully extended.
Lowering: Inhale and controllably lower the barbell back to the starting position on your shoulders.
Repeat: Repeat the movement for the desired number of repetitions. Then, safely return the bar to the rack."
ex-overhead-press;en-US;Overhead Press;The shoulder press is a foundational exercise for building strong and broad shoulders. It primarily targets the deltoid muscles (shoulders) and triceps. The exercise can be done either seated or standing, using a barbell or dumbbells.;"Preparation: Sit on a bench with an upright back support. Grip the barbell slightly wider than shoulder-width and rest it on the front of your shoulders, just below your chin. Your palms should face forward.
Execution: Engage your core and keep your back straight. Exhale and push the bar straight overhead until your arms are nearly fully extended.
Lowering: Inhale and slowly lower the bar back down to the starting position on your shoulders.
Repeat: Repeat the movement for the desired number of reps, then safely rerack the bar."
ex-overhead-press;fr-FR;Développé militaire;Le développé militaire (shoulder press) est un exercice fondamental pour développer des épaules fortes et larges. Il cible principalement les muscles deltoïdes (épaules) et les triceps. L'exercice peut être réalisé assis ou debout, avec une barre ou des haltères.;"Préparation : Asseyez-vous sur un banc avec dossier. Saisissez la barre avec une prise un peu plus large que les épaules et amenez-la au niveau de vos épaules, juste sous le menton. Vos paumes sont tournées vers l'avant.
Exécution : Gardez le tronc gainé et le dos droit. Expirez et poussez la barre droit vers le haut jusqu'à ce que vos bras soient presque entièrement tendus.
Descente : Inspirez et redescendez la barre de manière contrôlée jusqu'à la position de départ sur vos épaules.
Répétition : Répétez le mouvement pour le nombre de répétitions souhaité. Reposez ensuite la barre en toute sécurité."
ex-overhead-press;de-DE;Überkopfdrücken;Das Schulterdrücken (auch Military Press) ist eine grundlegende Übung zum Aufbau starker und breiter Schultern. Es zielt hauptsächlich auf die Deltamuskeln (Schultermuskeln) und den Trizeps ab. Die Übung kann sowohl sitzend als auch stehend mit einer Langhantel oder Kurzhanteln ausgeführt werden.;"Vorbereitung: Setzen Sie sich auf eine Bank mit Rückenlehne. Greifen Sie die Stange etwas breiter als schulterbreit und bringen Sie sie vor Ihre Schultern, direkt unter Ihr Kinn. Ihre Handflächen zeigen nach vorne.
Ausführung: Halten Sie Ihren Rumpf angespannt und Ihren Rücken gerade. Atmen Sie aus und drücken Sie die Stange gerade nach oben, bis Ihre Arme fast vollständig gestreckt sind.
Absenken: Atmen Sie ein und senken Sie die Stange kontrolliert in die Ausgangsposition auf Ihren Schultern ab.
Wiederholen: Wiederholen Sie die Bewegung für die gewünschte Anzahl an Wiederholungen. Legen Sie die Stange danach sicher im Rack ab."
ex-overhead-press;es-ES;Press militar;El press de hombros (o press militar) es un ejercicio fundamental para construir hombros anchos y fuertes. Se enfoca principalmente en los músculos deltoides (hombros) y los tríceps. El ejercicio se puede realizar sentado o de pie, con una barra o mancuernas.;"Preparación: Siéntate en un banco con respaldo. Agarra la barra con una separación ligeramente mayor que la de tus hombros y llévala a la parte delantera de tus hombros, justo debajo de la barbilla. Las palmas de tus manos deben apuntar hacia adelante.
Ejecución: Mantén el core apretado y la espalda recta. Exhala y empuja la barra recto hacia arriba hasta que tus brazos estén casi completamente extendidos.
Descenso: Inhala y baja la barra de forma controlada a la posición inicial sobre tus hombros.
Repetición: Repite el movimiento el número de veces deseado. Después, vuelve a colocar la barra en el soporte de forma segura."
ex-overhead-press;it-IT;Military press;Lo shoulder press (o military press) è un esercizio fondamentale per costruire spalle forti e larghe. Si concentra principalmente sui muscoli deltoidi (spalle) e sui tricipiti. L'esercizio può essere eseguito da seduti o in piedi, con un bilanciere o con manubri.;"Preparazione: Siediti su una panca con schienale. Afferra il bilanciere con una presa leggermente più ampia delle spalle e portalo davanti alle spalle, appena sotto il mento. I palmi delle mani sono rivolti in avanti.
Esecuzione: Tieni il core contratto e la schiena dritta. Espira e spingi il bilanciere dritto verso l'alto finché le braccia non sono quasi completamente tese.
Discesa: Inspira e abbassa lentamente il bilanciere alla posizione di partenza sulle spalle.
Ripetizione: Ripeti il movimento per il numero di ripetizioni desiderato. Quindi, riponi il bilanciere sul rack in sicurezza."
ex-overhead-press;pl-PL;Wyciskanie żołnierskie;Wyciskanie żołnierskie (shoulder press / OHP) to podstawowe ćwiczenie budujące silne i szerokie barki. Skupia się głównie na mięśniach naramiennych (barkach) oraz tricepsach. Ćwiczenie można wykonywać na siedząco lub na stojąco, używając sztangi lub hantli.;"Przygotowanie: Usiądź na ławce z oparciem. Złap sztangę nieco szerzej niż na szerokość barków i oprzyj ją na przedniej części barków, tuż pod brodą. Dłonie skieruj do przodu.
Wykonanie: Napnij mięśnie brzucha i trzymaj proste plecy. Zrób wydech i wyciśnij sztangę prosto w górę, aż ramiona będą prawie całkowicie wyprostowane.
Opuszczanie: Zrób wdech i kontrolowanym ruchem opuść sztangę do pozycji wyjściowej na barki.
Powtórzenia: Powtórz ruch dla żądanej liczby powtórzeń. Następnie bezpiecznie odłóż sztangę na stojaki."
ex-push-up;nl-NL;Push-up;De push-up (opdrukken) is een klassieke en zeer effectieve oefening die je met je eigen lichaamsgewicht uitvoert. Het traint voornamelijk de borstspieren, schouders en triceps, maar versterkt ook je core (rompspieren).;"Voorbereiding: Begin in een hoge plankpositie. Plaats je handen stevig op de grond, iets breder dan je schouders. Je lichaam vormt een rechte lijn van je hoofd tot je hielen.
Laten zakken: Adem in en buig je ellebogen om je lichaam gecontroleerd te laten zakken, totdat je borst de grond bijna raakt.
Omhoog duwen: Adem uit en duw jezelf krachtig terug naar de beginpositie door je armen te strekken. Houd je lichaam recht en je core aangespannen.
Herhalen: Herhaal de beweging voor het gewenste aantal herhalingen."
ex-push-up;en-GB;Push-up;The push-up (or press-up) is a classic and highly effective bodyweight exercise. It primarily trains the chest muscles, shoulders, and triceps, but also strengthens your core.;"Preparation: Start in a high plank position. Place your hands firmly on the ground, slightly wider than your shoulders. Your body should form a straight line from your head to your heels.
Lowering: Inhale and bend your elbows to lower your body in a controlled manner until your chest nearly touches the floor.
Pushing up: Exhale and forcefully push yourself back to the starting position by extending your arms. Keep your body straight and your core engaged.
Repeat: Repeat the movement for the desired number of repetitions."
ex-push-up;en-US;Push-up;The push-up is a classic and highly effective exercise performed using your own body weight. It mainly trains the chest muscles, shoulders, and triceps, but also strengthens your core.;"Preparation: Begin in a high plank position. Place your hands firmly on the floor, slightly wider than your shoulders. Your body should form a straight line from your head to your heels.
Lowering: Inhale and bend your elbows to lower your body with control until your chest almost touches the ground.
Pushing up: Exhale and powerfully push back up to the starting position by straightening your arms. Keep your body straight and your core tight.
Repeat: Repeat the movement for the desired number of reps."
ex-push-up;fr-FR;Pompes;La pompe (push-up) est un exercice classique et très efficace au poids du corps. Elle sollicite principalement les muscles de la poitrine, les épaules et les triceps, mais renforce également le tronc (core).;"Préparation : Commencez en position de planche haute. Placez vos mains fermement au sol, légèrement plus écartées que vos épaules. Votre corps doit former une ligne droite de la tête aux talons.
Descente : Inspirez et pliez les coudes pour abaisser votre corps de manière contrôlée, jusqu'à ce que votre poitrine frôle le sol.
Poussée : Expirez et repoussez-vous avec force vers la position de départ en tendant les bras. Gardez le corps droit et le tronc gainé.
Répétition : Répétez le mouvement pour le nombre de répétitions souhaité."
ex-push-up;de-DE;Liegestütze;Der Liegestütz (Push-up) ist eine klassische und sehr effektive Übung mit dem eigenen Körpergewicht. Er trainiert hauptsächlich die Brustmuskulatur, die Schultern und den Trizeps, stärkt aber auch deine Rumpfmuskulatur (Core).;"Vorbereitung: Beginnen Sie in einer hohen Plank-Position. Platzieren Sie Ihre Hände fest auf dem Boden, etwas breiter als Ihre Schultern. Ihr Körper bildet eine gerade Linie von Ihrem Kopf bis zu Ihren Fersen.
Absenken: Atmen Sie ein und beugen Sie Ihre Ellbogen, um Ihren Körper kontrolliert abzusenken, bis Ihre Brust fast den Boden berührt.
Hochdrücken: Atmen Sie aus und drücken Sie sich kraftvoll zurück in die Ausgangsposition, indem Sie Ihre Arme strecken. Halten Sie Ihren Körper gerade und Ihren Rumpf angespannt.
Wiederholen: Wiederholen Sie die Bewegung für die gewünschte Anzahl an Wiederholungen."
ex-push-up;es-ES;Flexiones;La flexión (push-up) es un ejercicio clásico y muy eficaz que se realiza con el propio peso corporal. Trabaja principalmente los músculos del pecho, los hombros y los tríceps, pero también fortalece el core (músculos del tronco).;"Preparación: Comienza en una posición de plancha alta. Coloca las manos firmemente en el suelo, un poco más separadas que tus hombros. Tu cuerpo debe formar una línea recta desde la cabeza hasta los talones.
Descenso: Inhala y dobla los codos para bajar tu cuerpo de forma controlada hasta que tu pecho casi toque el suelo.
Empuje: Exhala y empújate con fuerza de vuelta a la posición inicial estirando los brazos. Mantén el cuerpo recto y el core apretado.
Repetición: Repite el movimiento el número de veces deseado."
ex-push-up;it-IT;Piegamenti;Il push-up (piegamento sulle braccia) è un esercizio classico e molto efficace a corpo libero. Allena principalmente i muscoli del petto, le spalle e i tricipiti, ma rafforza anche il core (addominali e schiena).;"Preparazione: Inizia in una posizione di high plank (plancia alta). Metti le mani saldamente a terra, leggermente più larghe delle spalle. Il tuo corpo deve formare una linea retta dalla testa ai talloni.
Discesa: Inspira e piega i gomiti per abbassare il corpo in modo controllato, finché il petto non sfiora il pavimento.
Spinta: Espira e spingiti con forza per tornare alla posizione di partenza, stendendo le braccia. Mantieni il corpo dritto e il core contratto.
Ripetizione: Ripeti il movimento per il numero di ripetizioni desiderato."
ex-push-up;pl-PL;Pompki;Pompka (push-up) to klasyczne i bardzo skuteczne ćwiczenie z wykorzystaniem własnej masy ciała. Trenuje głównie mięśnie klatki piersiowej, barków i tricepsów, ale wzmacnia również mięśnie tułowia (core).;"Przygotowanie: Zacznij w pozycji wysokiej deski (plank). Połóż dłonie na podłodze, nieco szerzej niż barki. Twoje ciało powinno tworzyć prostą linię od głowy aż po pięty.
Opuszczanie: Zrób wdech i zegnij łokcie, aby kontrolowanie opuścić ciało, aż klatka piersiowa prawie dotknie podłogi.
Wypychanie: Zrób wydech i energicznie odepchnij się z powrotem do pozycji wyjściowej, prostując ramiona. Utrzymuj proste ciało i napięty tułów.
Powtórzenia: Powtórz ruch dla żądanej liczby powtórzeń."
ex-pull-up;nl-NL;Pull-up;Een veelgebruikte oefening voor kracht of conditie.;Voer de Pull-up uit met gecontroleerde beweging en correcte techniek.
ex-pull-up;en-GB;Pull-up;A common exercise for building strength or conditioning.;Perform the Pull-up with controlled movement and proper form.
ex-pull-up;en-US;Pull-up;A common exercise for building strength or conditioning.;Perform the Pull-up with controlled movement and proper form.
ex-pull-up;fr-FR;Tractions;Een veelgebruikte oefening voor kracht of conditie.;Voer de Tractions uit met gecontroleerde beweging en correcte techniek.
ex-pull-up;de-DE;Klimmzüge;Een veelgebruikte oefening voor kracht of conditie.;Voer de Klimmzüge uit met gecontroleerde beweging en correcte techniek.
ex-pull-up;es-ES;Dominadas;Een veelgebruikte oefening voor kracht of conditie.;Voer de Dominadas uit met gecontroleerde beweging en correcte techniek.
ex-pull-up;it-IT;Trazioni;Een veelgebruikte oefening voor kracht of conditie.;Voer de Trazioni uit met gecontroleerde beweging en correcte techniek.
ex-pull-up;pl-PL;Podciąganie;Een veelgebruikte oefening voor kracht of conditie.;Voer de Podciąganie uit met gecontroleerde beweging en correcte techniek.
ex-lat-pulldown;nl-NL;Lat Pulldown;Een veelgebruikte oefening voor kracht of conditie.;Voer de Lat Pulldown uit met gecontroleerde beweging en correcte techniek.
ex-lat-pulldown;en-GB;Lat Pulldown;A common exercise for building strength or conditioning.;Perform the Lat Pulldown with controlled movement and proper form.
ex-lat-pulldown;en-US;Lat Pulldown;A common exercise for building strength or conditioning.;Perform the Lat Pulldown with controlled movement and proper form.
ex-lat-pulldown;fr-FR;Tirage vertical;Een veelgebruikte oefening voor kracht of conditie.;Voer de Tirage vertical uit met gecontroleerde beweging en correcte techniek.
ex-lat-pulldown;de-DE;Latziehen;Een veelgebruikte oefening voor kracht of conditie.;Voer de Latziehen uit met gecontroleerde beweging en correcte techniek.
ex-lat-pulldown;es-ES;Jalón al pecho;Een veelgebruikte oefening voor kracht of conditie.;Voer de Jalón al pecho uit met gecontroleerde beweging en correcte techniek.
ex-lat-pulldown;it-IT;Lat Machine;Een veelgebruikte oefening voor kracht of conditie.;Voer de Lat Machine uit met gecontroleerde beweging en correcte techniek.
ex-lat-pulldown;pl-PL;Ściąganie drążka;Een veelgebruikte oefening voor kracht of conditie.;Voer de Ściąganie drążka uit met gecontroleerde beweging en correcte techniek.
ex-squat;nl-NL;Squat;Een veelgebruikte oefening voor kracht of conditie.;Voer de Squat uit met gecontroleerde beweging en correcte techniek.
ex-squat;en-GB;Squat;A common exercise for building strength or conditioning.;Perform the Squat with controlled movement and proper form.
ex-squat;en-US;Squat;A common exercise for building strength or conditioning.;Perform the Squat with controlled movement and proper form.
ex-squat;fr-FR;Squat;Een veelgebruikte oefening voor kracht of conditie.;Voer de Squat uit met gecontroleerde beweging en correcte techniek.
ex-squat;de-DE;Kniebeuge;Een veelgebruikte oefening voor kracht of conditie.;Voer de Kniebeuge uit met gecontroleerde beweging en correcte techniek.
ex-squat;es-ES;Sentadilla;Een veelgebruikte oefening voor kracht of conditie.;Voer de Sentadilla uit met gecontroleerde beweging en correcte techniek.
ex-squat;it-IT;Squat;Een veelgebruikte oefening voor kracht of conditie.;Voer de Squat uit met gecontroleerde beweging en correcte techniek.
ex-squat;pl-PL;Przysiad;Een veelgebruikte oefening voor kracht of conditie.;Voer de Przysiad uit met gecontroleerde beweging en correcte techniek.
ex-deadlift;nl-NL;Deadlift;Een veelgebruikte oefening voor kracht of conditie.;Voer de Deadlift uit met gecontroleerde beweging en correcte techniek.
ex-deadlift;en-GB;Deadlift;A common exercise for building strength or conditioning.;Perform the Deadlift with controlled movement and proper form.
ex-deadlift;en-US;Deadlift;A common exercise for building strength or conditioning.;Perform the Deadlift with controlled movement and proper form.
ex-deadlift;fr-FR;Soulevé de terre;Een veelgebruikte oefening voor kracht of conditie.;Voer de Soulevé de terre uit met gecontroleerde beweging en correcte techniek.
ex-deadlift;de-DE;Kreuzheben;Een veelgebruikte oefening voor kracht of conditie.;Voer de Kreuzheben uit met gecontroleerde beweging en correcte techniek.
ex-deadlift;es-ES;Peso muerto;Een veelgebruikte oefening voor kracht of conditie.;Voer de Peso muerto uit met gecontroleerde beweging en correcte techniek.
ex-deadlift;it-IT;Stacco da terra;Een veelgebruikte oefening voor kracht of conditie.;Voer de Stacco da terra uit met gecontroleerde beweging en correcte techniek.
ex-deadlift;pl-PL;Martwy ciąg;Een veelgebruikte oefening voor kracht of conditie.;Voer de Martwy ciąg uit met gecontroleerde beweging en correcte techniek.
ex-barbell-row;nl-NL;Barbell Roeien;Een veelgebruikte oefening voor kracht of conditie.;Voer de Barbell Roeien uit met gecontroleerde beweging en correcte techniek.
ex-barbell-row;en-GB;Barbell Row;A common exercise for building strength or conditioning.;Perform the Barbell Row with controlled movement and proper form.
ex-barbell-row;en-US;Barbell Row;A common exercise for building strength or conditioning.;Perform the Barbell Row with controlled movement and proper form.
ex-barbell-row;fr-FR;Rowing barre;Een veelgebruikte oefening voor kracht of conditie.;Voer de Rowing barre uit met gecontroleerde beweging en correcte techniek.
ex-barbell-row;de-DE;Rudern mit Langhantel;Een veelgebruikte oefening voor kracht of conditie.;Voer de Rudern mit Langhantel uit met gecontroleerde beweging en correcte techniek.
ex-barbell-row;es-ES;Remo con barra;Een veelgebruikte oefening voor kracht of conditie.;Voer de Remo con barra uit met gecontroleerde beweging en correcte techniek.
ex-barbell-row;it-IT;Rematore con bilanciere;Een veelgebruikte oefening voor kracht of conditie.;Voer de Rematore con bilanciere uit met gecontroleerde beweging en correcte techniek.
ex-barbell-row;pl-PL;Wiosłowanie sztangą;Een veelgebruikte oefening voor kracht of conditie.;Voer de Wiosłowanie sztangą uit met gecontroleerde beweging en correcte techniek.
ex-bicep-curl;nl-NL;Bicep Curl;Een veelgebruikte oefening voor kracht of conditie.;Voer de Bicep Curl uit met gecontroleerde beweging en correcte techniek.
ex-bicep-curl;en-GB;Bicep Curl;A common exercise for building strength or conditioning.;Perform the Bicep Curl with controlled movement and proper form.
ex-bicep-curl;en-US;Bicep Curl;A common exercise for building strength or conditioning.;Perform the Bicep Curl with controlled movement and proper form.
ex-bicep-curl;fr-FR;Curl biceps;Een veelgebruikte oefening voor kracht of conditie.;Voer de Curl biceps uit met gecontroleerde beweging en correcte techniek.
ex-bicep-curl;de-DE;Bizepscurls;Een veelgebruikte oefening voor kracht of conditie.;Voer de Bizepscurls uit met gecontroleerde beweging en correcte techniek.
ex-bicep-curl;es-ES;Curl de bíceps;Een veelgebruikte oefening voor kracht of conditie.;Voer de Curl de bíceps uit met gecontroleerde beweging en correcte techniek.
ex-bicep-curl;it-IT;Curl bicipiti;Een veelgebruikte oefening voor kracht of conditie.;Voer de Curl bicipiti uit met gecontroleerde beweging en correcte techniek.
ex-bicep-curl;pl-PL;Uginanie ramion;Een veelgebruikte oefening voor kracht of conditie.;Voer de Uginanie ramion uit met gecontroleerde beweging en correcte techniek.
ex-tricep-dip;nl-NL;Tricep Dip;Een veelgebruikte oefening voor kracht of conditie.;Voer de Tricep Dip uit met gecontroleerde beweging en correcte techniek.
ex-tricep-dip;en-GB;Tricep Dip;A common exercise for building strength or conditioning.;Perform the Tricep Dip with controlled movement and proper form.
ex-tricep-dip;en-US;Tricep Dip;A common exercise for building strength or conditioning.;Perform the Tricep Dip with controlled movement and proper form.
ex-tricep-dip;fr-FR;Dips triceps;Een veelgebruikte oefening voor kracht of conditie.;Voer de Dips triceps uit met gecontroleerde beweging en correcte techniek.
ex-tricep-dip;de-DE;Trizepsdrücken;Een veelgebruikte oefening voor kracht of conditie.;Voer de Trizepsdrücken uit met gecontroleerde beweging en correcte techniek.
ex-tricep-dip;es-ES;Fondos de triceps;Een veelgebruikte oefening voor kracht of conditie.;Voer de Fondos de triceps uit met gecontroleerde beweging en correcte techniek.
ex-tricep-dip;it-IT;Dip per tricipiti;Een veelgebruikte oefening voor kracht of conditie.;Voer de Dip per tricipiti uit met gecontroleerde beweging en correcte techniek.
ex-tricep-dip;pl-PL;Pompki na poręczach;Een veelgebruikte oefening voor kracht of conditie.;Voer de Pompki na poręczach uit met gecontroleerde beweging en correcte techniek.
ex-lunge;nl-NL;Lunge;Een veelgebruikte oefening voor kracht of conditie.;Voer de Lunge uit met gecontroleerde beweging en correcte techniek.
ex-lunge;en-GB;Lunge;A common exercise for building strength or conditioning.;Perform the Lunge with controlled movement and proper form.
ex-lunge;en-US;Lunge;A common exercise for building strength or conditioning.;Perform the Lunge with controlled movement and proper form.
ex-lunge;fr-FR;Fente;Een veelgebruikte oefening voor kracht of conditie.;Voer de Fente uit met gecontroleerde beweging en correcte techniek.
ex-lunge;de-DE;Ausfallschritt;Een veelgebruikte oefening voor kracht of conditie.;Voer de Ausfallschritt uit met gecontroleerde beweging en correcte techniek.
ex-lunge;es-ES;Zancada;Een veelgebruikte oefening voor kracht of conditie.;Voer de Zancada uit met gecontroleerde beweging en correcte techniek.
ex-lunge;it-IT;Affondo;Een veelgebruikte oefening voor kracht of conditie.;Voer de Affondo uit met gecontroleerde beweging en correcte techniek.
ex-lunge;pl-PL;Wykrok;Een veelgebruikte oefening voor kracht of conditie.;Voer de Wykrok uit met gecontroleerde beweging en correcte techniek.
ex-leg-press;nl-NL;Leg Press;Een veelgebruikte oefening voor kracht of conditie.;Voer de Leg Press uit met gecontroleerde beweging en correcte techniek.
ex-leg-press;en-GB;Leg Press;A common exercise for building strength or conditioning.;Perform the Leg Press with controlled movement and proper form.
ex-leg-press;en-US;Leg Press;A common exercise for building strength or conditioning.;Perform the Leg Press with controlled movement and proper form.
ex-leg-press;fr-FR;Presse à jambes;Een veelgebruikte oefening voor kracht of conditie.;Voer de Presse à jambes uit met gecontroleerde beweging en correcte techniek.
ex-leg-press;de-DE;Beinpresse;Een veelgebruikte oefening voor kracht of conditie.;Voer de Beinpresse uit met gecontroleerde beweging en correcte techniek.
ex-leg-press;es-ES;Prensa de piernas;Een veelgebruikte oefening voor kracht of conditie.;Voer de Prensa de piernas uit met gecontroleerde beweging en correcte techniek.
ex-leg-press;it-IT;Pressa gambe;Een veelgebruikte oefening voor kracht of conditie.;Voer de Pressa gambe uit met gecontroleerde beweging en correcte techniek.
ex-leg-press;pl-PL;Wyciskanie nogami;Een veelgebruikte oefening voor kracht of conditie.;Voer de Wyciskanie nogami uit met gecontroleerde beweging en correcte techniek.
ex-plank;nl-NL;Plank;Een veelgebruikte oefening voor kracht of conditie.;Voer de Plank uit met gecontroleerde beweging en correcte techniek.
ex-plank;en-GB;Plank;A common exercise for building strength or conditioning.;Perform the Plank with controlled movement and proper form.
ex-plank;en-US;Plank;A common exercise for building strength or conditioning.;Perform the Plank with controlled movement and proper form.
ex-plank;fr-FR;Gainage;Een veelgebruikte oefening voor kracht of conditie.;Voer de Gainage uit met gecontroleerde beweging en correcte techniek.
ex-plank;de-DE;Planke;Een veelgebruikte oefening voor kracht of conditie.;Voer de Planke uit met gecontroleerde beweging en correcte techniek.
ex-plank;es-ES;Plancha;Een veelgebruikte oefening voor kracht of conditie.;Voer de Plancha uit met gecontroleerde beweging en correcte techniek.
ex-plank;it-IT;Plank;Een veelgebruikte oefening voor kracht of conditie.;Voer de Plank uit met gecontroleerde beweging en correcte techniek.
ex-plank;pl-PL;Deska;Een veelgebruikte oefening voor kracht of conditie.;Voer de Deska uit met gecontroleerde beweging en correcte techniek.
ex-crunch;nl-NL;Crunch;Een veelgebruikte oefening voor kracht of conditie.;Voer de Crunch uit met gecontroleerde beweging en correcte techniek.
ex-crunch;en-GB;Crunch;A common exercise for building strength or conditioning.;Perform the Crunch with controlled movement and proper form.
ex-crunch;en-US;Crunch;A common exercise for building strength or conditioning.;Perform the Crunch with controlled movement and proper form.
ex-crunch;fr-FR;Crunch;Een veelgebruikte oefening voor kracht of conditie.;Voer de Crunch uit met gecontroleerde beweging en correcte techniek.
ex-crunch;de-DE;Crunch;Een veelgebruikte oefening voor kracht of conditie.;Voer de Crunch uit met gecontroleerde beweging en correcte techniek.
ex-crunch;es-ES;Abdominales;Een veelgebruikte oefening voor kracht of conditie.;Voer de Abdominales uit met gecontroleerde beweging en correcte techniek.
ex-crunch;it-IT;Crunch;Een veelgebruikte oefening voor kracht of conditie.;Voer de Crunch uit met gecontroleerde beweging en correcte techniek.
ex-crunch;pl-PL;Spięcia;Een veelgebruikte oefening voor kracht of conditie.;Voer de Spięcia uit met gecontroleerde beweging en correcte techniek.
ex-bicycle-crunch;nl-NL;Fietscrunch;Een veelgebruikte oefening voor kracht of conditie.;Voer de Fietscrunch uit met gecontroleerde beweging en correcte techniek.
ex-bicycle-crunch;en-GB;Bicycle Crunch;A common exercise for building strength or conditioning.;Perform the Bicycle Crunch with controlled movement and proper form.
ex-bicycle-crunch;en-US;Bicycle Crunch;A common exercise for building strength or conditioning.;Perform the Bicycle Crunch with controlled movement and proper form.
ex-bicycle-crunch;fr-FR;Crunch vélo;Een veelgebruikte oefening voor kracht of conditie.;Voer de Crunch vélo uit met gecontroleerde beweging en correcte techniek.
ex-bicycle-crunch;de-DE;Fahrrad-Crunch;Een veelgebruikte oefening voor kracht of conditie.;Voer de Fahrrad-Crunch uit met gecontroleerde beweging en correcte techniek.
ex-bicycle-crunch;es-ES;Abdominales bicicleta;Een veelgebruikte oefening voor kracht of conditie.;Voer de Abdominales bicicleta uit met gecontroleerde beweging en correcte techniek.
ex-bicycle-crunch;it-IT;Crunch a bicicletta;Een veelgebruikte oefening voor kracht of conditie.;Voer de Crunch a bicicletta uit met gecontroleerde beweging en correcte techniek.
ex-bicycle-crunch;pl-PL;Brzuszki rowerowe;Een veelgebruikte oefening voor kracht of conditie.;Voer de Brzuszki rowerowe uit met gecontroleerde beweging en correcte techniek.
ex-leg-raise;nl-NL;Beenheffen;Een veelgebruikte oefening voor kracht of conditie.;Voer de Beenheffen uit met gecontroleerde beweging en correcte techniek.
ex-leg-raise;en-GB;Leg Raise;A common exercise for building strength or conditioning.;Perform the Leg Raise with controlled movement and proper form.
ex-leg-raise;en-US;Leg Raise;A common exercise for building strength or conditioning.;Perform the Leg Raise with controlled movement and proper form.
ex-leg-raise;fr-FR;Élévation des jambes;Een veelgebruikte oefening voor kracht of conditie.;Voer de Élévation des jambes uit met gecontroleerde beweging en correcte techniek.
ex-leg-raise;de-DE;Beinheben;Een veelgebruikte oefening voor kracht of conditie.;Voer de Beinheben uit met gecontroleerde beweging en correcte techniek.
ex-leg-raise;es-ES;Elevación de piernas;Een veelgebruikte oefening voor kracht of conditie.;Voer de Elevación de piernas uit met gecontroleerde beweging en correcte techniek.
ex-leg-raise;it-IT;Sollevamento gambe;Een veelgebruikte oefening voor kracht of conditie.;Voer de Sollevamento gambe uit met gecontroleerde beweging en correcte techniek.
ex-leg-raise;pl-PL;Unoszenie nóg;Een veelgebruikte oefening voor kracht of conditie.;Voer de Unoszenie nóg uit met gecontroleerde beweging en correcte techniek.
ex-running;nl-NL;Hardlopen;Een veelgebruikte oefening voor kracht of conditie.;Voer de Hardlopen uit met gecontroleerde beweging en correcte techniek.
ex-running;en-GB;Running;A common exercise for building strength or conditioning.;Perform the Running with controlled movement and proper form.
ex-running;en-US;Running;A common exercise for building strength or conditioning.;Perform the Running with controlled movement and proper form.
ex-running;fr-FR;Course à pied;Een veelgebruikte oefening voor kracht of conditie.;Voer de Course à pied uit met gecontroleerde beweging en correcte techniek.
ex-running;de-DE;Laufen;Een veelgebruikte oefening voor kracht of conditie.;Voer de Laufen uit met gecontroleerde beweging en correcte techniek.
ex-running;es-ES;Correr;Een veelgebruikte oefening voor kracht of conditie.;Voer de Correr uit met gecontroleerde beweging en correcte techniek.
ex-running;it-IT;Corsa;Een veelgebruikte oefening voor kracht of conditie.;Voer de Corsa uit met gecontroleerde beweging en correcte techniek.
ex-running;pl-PL;Bieganie;Een veelgebruikte oefening voor kracht of conditie.;Voer de Bieganie uit met gecontroleerde beweging en correcte techniek.
ex-cycling;nl-NL;Fietsen;Een veelgebruikte oefening voor kracht of conditie.;Voer de Fietsen uit met gecontroleerde beweging en correcte techniek.
ex-cycling;en-GB;Cycling;A common exercise for building strength or conditioning.;Perform the Cycling with controlled movement and proper form.
ex-cycling;en-US;Cycling;A common exercise for building strength or conditioning.;Perform the Cycling with controlled movement and proper form.
ex-cycling;fr-FR;Cyclisme;Een veelgebruikte oefening voor kracht of conditie.;Voer de Cyclisme uit met gecontroleerde beweging en correcte techniek.
ex-cycling;de-DE;Radfahren;Een veelgebruikte oefening voor kracht of conditie.;Voer de Radfahren uit met gecontroleerde beweging en correcte techniek.
ex-cycling;es-ES;Ciclismo;Een veelgebruikte oefening voor kracht of conditie.;Voer de Ciclismo uit met gecontroleerde beweging en correcte techniek.
ex-cycling;it-IT;Ciclismo;Een veelgebruikte oefening voor kracht of conditie.;Voer de Ciclismo uit met gecontroleerde beweging en correcte techniek.
ex-cycling;pl-PL;Jazda na rowerze;Een veelgebruikte oefening voor kracht of conditie.;Voer de Jazda na rowerze uit met gecontroleerde beweging en correcte techniek.
ex-rowing-machine;nl-NL;Roeimachine;Een veelgebruikte oefening voor kracht of conditie.;Voer de Roeimachine uit met gecontroleerde beweging en correcte techniek.
ex-rowing-machine;en-GB;Rowing Machine;A common exercise for building strength or conditioning.;Perform the Rowing Machine with controlled movement and proper form.
ex-rowing-machine;en-US;Rowing Machine;A common exercise for building strength or conditioning.;Perform the Rowing Machine with controlled movement and proper form.
ex-rowing-machine;fr-FR;Rameur;Een veelgebruikte oefening voor kracht of conditie.;Voer de Rameur uit met gecontroleerde beweging en correcte techniek.
ex-rowing-machine;de-DE;Rudergerät;Een veelgebruikte oefening voor kracht of conditie.;Voer de Rudergerät uit met gecontroleerde beweging en correcte techniek.
ex-rowing-machine;es-ES;Máquina de remo;Een veelgebruikte oefening voor kracht of conditie.;Voer de Máquina de remo uit met gecontroleerde beweging en correcte techniek.
ex-rowing-machine;it-IT;Vogatore;Een veelgebruikte oefening voor kracht of conditie.;Voer de Vogatore uit met gecontroleerde beweging en correcte techniek.
ex-rowing-machine;pl-PL;Wioślarz;Een veelgebruikte oefening voor kracht of conditie.;Voer de Wioślarz uit met gecontroleerde beweging en correcte techniek.
ex-swimming;nl-NL;Zwemmen;Een veelgebruikte oefening voor kracht of conditie.;Voer de Zwemmen uit met gecontroleerde beweging en correcte techniek.
ex-swimming;en-GB;Swimming;A common exercise for building strength or conditioning.;Perform the Swimming with controlled movement and proper form.
ex-swimming;en-US;Swimming;A common exercise for building strength or conditioning.;Perform the Swimming with controlled movement and proper form.
ex-swimming;fr-FR;Natation;Een veelgebruikte oefening voor kracht of conditie.;Voer de Natation uit met gecontroleerde beweging en correcte techniek.
ex-swimming;de-DE;Schwimmen;Een veelgebruikte oefening voor kracht of conditie.;Voer de Schwimmen uit met gecontroleerde beweging en correcte techniek.
ex-swimming;es-ES;Natación;Een veelgebruikte oefening voor kracht of conditie.;Voer de Natación uit met gecontroleerde beweging en correcte techniek.
ex-swimming;it-IT;Nuoto;Een veelgebruikte oefening voor kracht of conditie.;Voer de Nuoto uit met gecontroleerde beweging en correcte techniek.
ex-swimming;pl-PL;Pływanie;Een veelgebruikte oefening voor kracht of conditie.;Voer de Pływanie uit met gecontroleerde beweging en correcte techniek.
ex-jump-rope;nl-NL;Springtouw;Een veelgebruikte oefening voor kracht of conditie.;Voer de Springtouw uit met gecontroleerde beweging en correcte techniek.
ex-jump-rope;en-GB;Jump Rope;A common exercise for building strength or conditioning.;Perform the Jump Rope with controlled movement and proper form.
ex-jump-rope;en-US;Jump Rope;A common exercise for building strength or conditioning.;Perform the Jump Rope with controlled movement and proper form.
ex-jump-rope;fr-FR;Corde à sauter;Een veelgebruikte oefening voor kracht of conditie.;Voer de Corde à sauter uit met gecontroleerde beweging en correcte techniek.
ex-jump-rope;de-DE;Springseil;Een veelgebruikte oefening voor kracht of conditie.;Voer de Springseil uit met gecontroleerde beweging en correcte techniek.
ex-jump-rope;es-ES;Saltar la cuerda;Een veelgebruikte oefening voor kracht of conditie.;Voer de Saltar la cuerda uit met gecontroleerde beweging en correcte techniek.
ex-jump-rope;it-IT;Salto con la corda;Een veelgebruikte oefening voor kracht of conditie.;Voer de Salto con la corda uit met gecontroleerde beweging en correcte techniek.
ex-jump-rope;pl-PL;Skakanka;Een veelgebruikte oefening voor kracht of conditie.;Voer de Skakanka uit met gecontroleerde beweging en correcte techniek.
ex-walking;nl-NL;Wandelen;Een veelgebruikte oefening voor kracht of conditie.;Voer de Wandelen uit met gecontroleerde beweging en correcte techniek.
ex-walking;en-GB;Walking;A common exercise for building strength or conditioning.;Perform the Walking with controlled movement and proper form.
ex-walking;en-US;Walking;A common exercise for building strength or conditioning.;Perform the Walking with controlled movement and proper form.
ex-walking;fr-FR;Marche;Een veelgebruikte oefening voor kracht of conditie.;Voer de Marche uit met gecontroleerde beweging en correcte techniek.
ex-walking;de-DE;Gehen;Een veelgebruikte oefening voor kracht of conditie.;Voer de Gehen uit met gecontroleerde beweging en correcte techniek.
ex-walking;es-ES;Caminar;Een veelgebruikte oefening voor kracht of conditie.;Voer de Caminar uit met gecontroleerde beweging en correcte techniek.
ex-walking;it-IT;Camminare;Een veelgebruikte oefening voor kracht of conditie.;Voer de Camminare uit met gecontroleerde beweging en correcte techniek.
ex-walking;pl-PL;Chodzenie;Een veelgebruikte oefening voor kracht of conditie.;Voer de Chodzenie uit met gecontroleerde beweging en correcte techniek.
